subject,body,sender_domain,num_links,suspicious_keywords,attachment_type,label
URGENT: account,"Dear user, bank your account immediately. Click here: http://malicious-link.com",verify-account.ml,9,3,none,1
Ability thousand kind everybody who.,Wrong ago trade attorney. Report great room walk because commercial decade. Name no weight perform management.,yahoo.com,0,0,docx,0
Last next third white ready today.,Only reach finally speech. Bad today away himself another. She us network reach.,gmail.com,0,0,pdf,0
Short science back.,"Machine job can idea more. Enough why talk your for.
Pick pick room others. Nor why must focus. Report civil need.
Responsibility yard far with life answer. Fine my network. Debate everyone win.",yahoo.com,1,0,none,0
Various her crime southern they.,"Life Congress never especially state various education. Team everybody well.
Stage detail other speech edge. Bring out road charge get. Leave among step laugh water deal ready vote.",yahoo.com,0,0,none,0
School hair training weight crime.,"About state whose everything room their that. News compare election see talk reason.
It require service yeah may. Follow policy five when record civil phone.",gmail.com,0,0,none,0
Along not job follow could mention.,Clear kind long policy. Person score buy situation during worker quite fill. Miss add through wind kind matter.,company.com,0,0,none,0
ACTION REQUIRED: bank,"Dear user, social security your account immediately. Click here: http://malicious-link.com",verify-account.ml,4,7,none,1
Network million different pressure fall.,"Consumer early commercial. Chance sing sure always three.
Leave article board foot over catch movie. Arrive to resource strong. Hot present pick quickly program ten middle go.",yahoo.com,0,0,none,0
ACTION REQUIRED: urgent,"Dear user, credit card your account immediately. Click here: http://malicious-link.com",verify-account.ml,6,7,zip,1
URGENT: prize,"Dear user, password your account immediately. Click here: http://malicious-link.com",prize-winner.ga,4,6,zip,1
ACTION REQUIRED: winner,"Dear user, password your account immediately. Click here: http://malicious-link.com",prize-winner.ga,9,7,scr,1
Hair community ability situation.,"Child nor reason instead class. Policy allow bad late time option similar.
Rate myself almost according. Month treatment tree.
House star probably phone arm. Thank garden quite country word.",gmail.com,2,0,pdf,0
Knowledge shake service financial throw drop.,Development kitchen measure base. Represent born language behind front financial material real.,outlook.com,1,0,none,0
URGENT: confirm,"Dear user, verify your account immediately. Click here: http://malicious-link.com",prize-winner.ga,3,5,scr,1
Movie sister send bring government.,Tend new amount affect any scientist whatever. Whom really happen left question water. You four market coach face edge.,company.com,0,0,none,0
Baby note thing continue ask whether.,Organization area heart officer ok serve. Do recent together build involve. Political senior head never often space.,yahoo.com,0,1,none,0
VERIFY NOW: account,"Dear user, security alert your account immediately. Click here: http://malicious-link.com",prize-winner.ga,8,4,exe,1
ACTION REQUIRED: account,"Dear user, credit card your account immediately. Click here: http://malicious-link.com",verify-account.ml,6,7,exe,1
URGENT: account,"Dear user, account your account immediately. Click here: http://malicious-link.com",secure-bank.tk,10,6,none,1
VERIFY NOW: click here,"Dear user, confirm your account immediately. Click here: http://malicious-link.com",secure-bank.tk,6,8,exe,1
Police subject add relationship cold prevent.,"Argue daughter eye fly at job.
Become this him relate.
Mission water thus physical national account. Large process way weight.
Lawyer sign question threat never it life us. Nothing cost true.",yahoo.com,1,0,none,0
Region fight than several.,"Office explain discover anything one dinner. Our return at authority.
Edge window pretty blue special. There lay option drop. Game say back number.",yahoo.com,2,0,pdf,0
ACTION REQUIRED: security alert,"Dear user, password your account immediately. Click here: http://malicious-link.com",secure-bank.tk,8,8,exe,1
Idea cause laugh project everybody.,History step move resource only difficult choice. Value decade very role together. Though actually wall audience special avoid field. Strategy about decision Mrs.,outlook.com,0,1,none,0
Anyone actually buy.,"Option issue whole support course affect. Night raise interview around heart better star.
Themselves guy order measure food. Scene consumer loss perform.",yahoo.com,1,0,pdf,0
VERIFY NOW: account,"Dear user, click here your account immediately. Click here: http://malicious-link.com",verify-account.ml,9,7,exe,1
ACTION REQUIRED: verify,"Dear user, password your account immediately. Click here: http://malicious-link.com",secure-bank.tk,8,8,none,1
Operation these be.,Friend still dark score trial past. Fear only defense just answer population. Rise together close.,yahoo.com,1,0,pdf,0
ACTION REQUIRED: suspended,"Dear user, security alert your account immediately. Click here: http://malicious-link.com",prize-winner.ga,5,5,zip,1
Late the major future.,"Alone check simply arrive. Economy rock get involve. Result hit order fine long. Dark lead none if.
Just themselves economic us spend above. Sit serious provide accept.",yahoo.com,0,1,pdf,0
ACTION REQUIRED: winner,"Dear user, security alert your account immediately. Click here: http://malicious-link.com",verify-account.ml,8,3,exe,1
Certain drive imagine.,"Sell inside industry maybe hit should. Single check recent common more view.
Important power miss certain of property feel fire. Street check run question compare them two.",yahoo.com,1,0,docx,0
Lawyer physical which everything law our arm.,"Authority policy process pressure. Special interest interview hair during side ask.
Fish goal bank if foreign heart customer.",yahoo.com,0,1,none,0
ACTION REQUIRED: security alert,"Dear user, account your account immediately. Click here: http://malicious-link.com",verify-account.ml,10,6,exe,1
VERIFY NOW: click here,"Dear user, click here your account immediately. Click here: http://malicious-link.com",secure-bank.tk,9,5,zip,1
Power town some attorney all born.,Base rather kitchen growth owner yard represent. Executive current least after. Through necessary recognize garden today something.,company.com,2,1,none,0
VERIFY NOW: security alert,"Dear user, credit card your account immediately. Click here: http://malicious-link.com",verify-account.ml,3,5,exe,1
VERIFY NOW: account,"Dear user, suspended your account immediately. Click here: http://malicious-link.com",prize-winner.ga,7,3,none,1
ACTION REQUIRED: credit card,"Dear user, suspended your account immediately. Click here: http://malicious-link.com",prize-winner.ga,9,7,zip,1
VERIFY NOW: bank,"Dear user, suspended your account immediately. Click here: http://malicious-link.com",verify-account.ml,7,7,exe,1
Mind against meet nation media whom whatever.,"Child visit whole set letter agent sea. I method find town scene Republican. Return short edge involve. Total middle seem worry.
Try himself small we free throw.",company.com,2,1,docx,0
ACTION REQUIRED: suspended,"Dear user, password your account immediately. Click here: http://malicious-link.com",secure-bank.tk,5,7,scr,1
Their picture treat official.,Candidate keep news west standard campaign late. Another although news challenge.,company.com,2,0,pdf,0
ACTION REQUIRED: tax refund,"Dear user, account your account immediately. Click here: http://malicious-link.com",secure-bank.tk,6,6,zip,1
VERIFY NOW: confirm,"Dear user, bank your account immediately. Click here: http://malicious-link.com",secure-bank.tk,9,7,scr,1
Talk letter huge decision call two down realize.,"Artist side wonder system finally. Analysis work why nearly goal. Bank when none down. First whole agent thank.
Begin chair be travel all huge purpose avoid. Feeling page fill goal draw national.",outlook.com,1,0,none,0
VERIFY NOW: bank,"Dear user, credit card your account immediately. Click here: http://malicious-link.com",prize-winner.ga,10,3,exe,1
ACTION REQUIRED: account,"Dear user, urgent your account immediately. Click here: http://malicious-link.com",secure-bank.tk,3,7,exe,1
Turn purpose possible much start care.,Election traditional run address good guess spring lay. Society than walk car program eight. Agency same house pick from child unit determine.,company.com,2,0,pdf,0
By team similar base.,Claim tax suddenly discuss chance. Represent discussion politics involve. Which pressure heavy share.,company.com,1,1,docx,0
Eight around business hit.,"Light animal factor political idea beat. Party energy live main.
Contain the message trip receive news. All around official name adult detail.",yahoo.com,1,0,pdf,0
VERIFY NOW: social security,"Dear user, tax refund your account immediately. Click here: http://malicious-link.com",verify-account.ml,8,7,none,1
URGENT: tax refund,"Dear user, tax refund your account immediately. Click here: http://malicious-link.com",prize-winner.ga,7,6,exe,1
Generation collection book part behind stuff.,"Daughter party nice act five yes. Herself event top service year behind.
Reason significant argue local office turn training. Task treat face.",company.com,2,0,none,0
Less goal artist alone toward family many director.,"Sound response sound pretty. It production political away blue head.
Court set office skin you region. Argue range cultural life. Think drug kitchen her plan care.",gmail.com,2,0,pdf,0
Itself recently laugh their laugh knowledge girl expect.,"Many moment son half difficult. Young as mission worry again father. Again fast oil lot determine fine.
Gas field sell. Figure world agree strong spend address support.",gmail.com,0,1,docx,0
That consumer national foot bed represent.,Game power guess according book. Dream perform unit building. Street cover large job brother.,gmail.com,1,0,docx,0
ACTION REQUIRED: suspended,"Dear user, social security your account immediately. Click here: http://malicious-link.com",verify-account.ml,10,6,exe,1
ACTION REQUIRED: credit card,"Dear user, bank your account immediately. Click here: http://malicious-link.com",verify-account.ml,4,7,zip,1
URGENT: bank,"Dear user, urgent your account immediately. Click here: http://malicious-link.com",secure-bank.tk,4,8,zip,1
ACTION REQUIRED: security alert,"Dear user, bank your account immediately. Click here: http://malicious-link.com",prize-winner.ga,8,8,none,1
Positive example day though five arm.,Check too short agent inside. Write along stuff power commercial watch audience. Enter ok every table.,company.com,0,0,docx,0
Tell different someone front account.,"Thought option recognize experience exactly. Truth history long everyone. Page establish find program chance room daughter.
Probably run left space its.",outlook.com,1,1,none,0
URGENT: account,"Dear user, credit card your account immediately. Click here: http://malicious-link.com",verify-account.ml,8,5,scr,1
ACTION REQUIRED: security alert,"Dear user, password your account immediately. Click here: http://malicious-link.com",verify-account.ml,9,3,none,1
Million property new about own.,Nation home former even song third available hot. Chair leg if recent. Shoulder without like staff perform near. Dark quality prepare throw myself behind guess.,company.com,2,1,none,0
Site agent language word amount.,"Ever soldier age sing the situation why. Hour attack car these kind upon civil one. Add wish offer pressure pass by.
Them hotel land together. Often green fear it peace.",company.com,1,0,none,0
Game direction opportunity general shoulder audience worker.,"Artist herself particular health fine figure. Show natural final.
Item finish size find around citizen professor. National author his stage later many activity.",company.com,2,1,none,0
ACTION REQUIRED: credit card,"Dear user, verify your account immediately. Click here: http://malicious-link.com",secure-bank.tk,6,3,scr,1
ACTION REQUIRED: password,"Dear user, password your account immediately. Click here: http://malicious-link.com",prize-winner.ga,10,3,exe,1
VERIFY NOW: click here,"Dear user, suspended your account immediately. Click here: http://malicious-link.com",prize-winner.ga,7,6,exe,1
Station two event Mrs usually democratic who loss.,"Win course catch each girl drop develop economy. Use sit painting do. Economy hit speech place.
Save huge produce light. Stay thought such management. Stock trade though out blood usually.",gmail.com,0,1,pdf,0
Democratic huge party single fund wall.,Son nature service threat others price. Financial stock suggest car out position. Measure book evidence police.,gmail.com,2,0,none,0
URGENT: tax refund,"Dear user, verify your account immediately. Click here: http://malicious-link.com",verify-account.ml,4,6,exe,1
Light city cut resource finish stop.,"Letter cell pass. Draw hope involve pass sport. Area reality design pretty.
Cut under source light. Card Congress environment guess.",outlook.com,2,1,docx,0
List peace hot middle community production.,Quickly city appear scientist night candidate. Hundred similar series head prepare office college.,yahoo.com,0,1,pdf,0
Day catch meet give.,"Successful officer culture think hear light good movie. Open ball air claim.
Drug window team movie talk dog choice. Myself any lose control he use.",gmail.com,2,1,docx,0
ACTION REQUIRED: credit card,"Dear user, urgent your account immediately. Click here: http://malicious-link.com",prize-winner.ga,5,7,exe,1
Would glass national case.,"Never catch at just generation court. Response hand nearly lawyer.
Growth remember expert sell want.",gmail.com,1,0,pdf,0
Message little series sense go community.,"Represent put end station section former. Under floor bring too.
Budget moment white nature your live past commercial. Mouth meet information phone final information.",gmail.com,2,1,none,0
ACTION REQUIRED: suspended,"Dear user, social security your account immediately. Click here: http://malicious-link.com",verify-account.ml,6,5,exe,1
Late ability strong hard among thank.,New into not anything marriage everyone. Everybody happen more political store tree employee. Condition sell hold a save chance hundred.,yahoo.com,2,1,none,0
Look include worker everybody.,"For sign development program marriage. Guess figure important. Congress table positive project.
Relationship include fear through. Mention represent fire ahead note must. Money such fall.",outlook.com,0,0,none,0
VERIFY NOW: prize,"Dear user, bank your account immediately. Click here: http://malicious-link.com",verify-account.ml,3,3,scr,1
URGENT: credit card,"Dear user, prize your account immediately. Click here: http://malicious-link.com",prize-winner.ga,3,3,scr,1
Outside ok growth baby strategy kitchen ahead.,Over nice real same including. Heart decision situation role. Church energy build boy all thank. I author several threat magazine.,outlook.com,2,0,none,0
ACTION REQUIRED: account,"Dear user, social security your account immediately. Click here: http://malicious-link.com",prize-winner.ga,8,7,scr,1
URGENT: urgent,"Dear user, winner your account immediately. Click here: http://malicious-link.com",prize-winner.ga,10,7,zip,1
URGENT: social security,"Dear user, password your account immediately. Click here: http://malicious-link.com",verify-account.ml,10,3,zip,1
Great environment Mrs executive nice.,"Discover fact rich activity. Any finish capital wonder much ask.
Wall street physical small rich sign. Instead how would today age it likely.",yahoo.com,2,1,pdf,0
VERIFY NOW: verify,"Dear user, account your account immediately. Click here: http://malicious-link.com",prize-winner.ga,10,5,exe,1
VERIFY NOW: click here,"Dear user, credit card your account immediately. Click here: http://malicious-link.com",secure-bank.tk,5,4,scr,1
Play western surface husband rich.,"Affect base even. Risk last event. Pressure soldier itself public. Way two them old mother either himself child.
Middle no world PM.",company.com,2,1,pdf,0
URGENT: account,"Dear user, confirm your account immediately. Click here: http://malicious-link.com",prize-winner.ga,3,4,zip,1
Second these go individual cover far.,Anyone language television various should standard current. Court responsibility board forward point rate. Vote understand expect agency rock Mr.,yahoo.com,1,0,none,0
URGENT: bank,"Dear user, click here your account immediately. Click here: http://malicious-link.com",secure-bank.tk,10,7,exe,1
URGENT: verify,"Dear user, credit card your account immediately. Click here: http://malicious-link.com",prize-winner.ga,8,4,scr,1
URGENT: confirm,"Dear user, credit card your account immediately. Click here: http://malicious-link.com",secure-bank.tk,6,5,scr,1
VERIFY NOW: bank,"Dear user, suspended your account immediately. Click here: http://malicious-link.com",verify-account.ml,7,6,none,1
URGENT: security alert,"Dear user, bank your account immediately. Click here: http://malicious-link.com",secure-bank.tk,4,3,exe,1
Participant your wear step growth enough option.,"Mission religious many look contain not. Fact purpose receive hundred keep whole.
Improve phone enjoy. Responsibility least certainly choice particularly. We leave somebody might.",yahoo.com,1,1,none,0
ACTION REQUIRED: verify,"Dear user, urgent your account immediately. Click here: http://malicious-link.com",verify-account.ml,5,8,none,1
Officer sister respond any end.,"Speak red hundred good. Institution at truth suddenly every beautiful create.
Gun near authority cut sing fall new drive. Management various similar employee interesting.",gmail.com,2,0,pdf,0
VERIFY NOW: security alert,"Dear user, confirm your account immediately. Click here: http://malicious-link.com",prize-winner.ga,5,5,none,1
VERIFY NOW: tax refund,"Dear user, prize your account immediately. Click here: http://malicious-link.com",verify-account.ml,6,7,exe,1
URGENT: credit card,"Dear user, verify your account immediately. Click here: http://malicious-link.com",prize-winner.ga,9,3,none,1
Industry church save.,Still identify way ask with cold improve. Know treat management none. Find hear tend spend. Resource worry to view practice cost outside.,outlook.com,2,1,none,0
ACTION REQUIRED: social security,"Dear user, bank your account immediately. Click here: http://malicious-link.com",secure-bank.tk,3,4,none,1
URGENT: click here,"Dear user, winner your account immediately. Click here: http://malicious-link.com",verify-account.ml,10,7,exe,1
Lead court scene the decision common anything.,"Than know structure score personal bag late. Where effort amount. Board along center hospital.
Man feeling special miss institution send. Drive ahead boy glass argue. Like board little he car.",gmail.com,1,0,none,0
URGENT: urgent,"Dear user, password your account immediately. Click here: http://malicious-link.com",secure-bank.tk,6,7,exe,1
Heavy guy customer cause performance score.,Wait meeting debate garden sport administration put. About so product size season cultural candidate. Mean clearly style finally.,yahoo.com,1,0,docx,0
ACTION REQUIRED: social security,"Dear user, account your account immediately. Click here: http://malicious-link.com",verify-account.ml,6,8,exe,1
Feeling lot energy quickly.,"Throughout foreign design image away.
Company itself purpose dream decide upon. Traditional assume today baby. Production tree international between never pull one. Culture probably parent.",yahoo.com,1,1,none,0
ACTION REQUIRED: suspended,"Dear user, click here your account immediately. Click here: http://malicious-link.com",secure-bank.tk,3,4,none,1
Time set cup.,"Either yeah pay win full dark. Catch reality physical. If discussion oil president. Open office material order work education.
Economic break since store meet everybody. Religious event economy.",yahoo.com,1,1,pdf,0
Organization act around although picture surface political.,"Choose design specific fast. Less marriage gas boy.
Democrat possible his range share fine. Executive foot others. Rate idea happy quickly Republican nor street.",outlook.com,0,0,docx,0
URGENT: credit card,"Dear user, tax refund your account immediately. Click here: http://malicious-link.com",verify-account.ml,3,4,zip,1
URGENT: urgent,"Dear user, prize your account immediately. Click here: http://malicious-link.com",verify-account.ml,3,8,scr,1
URGENT: prize,"Dear user, suspended your account immediately. Click here: http://malicious-link.com",secure-bank.tk,5,5,zip,1
ACTION REQUIRED: urgent,"Dear user, credit card your account immediately. Click here: http://malicious-link.com",prize-winner.ga,8,8,zip,1
Stay window activity establish every.,"Edge west strong can little off quickly. Drop anyone black computer peace write current poor.
Design position body guy red hundred instead. Kind response call which reveal lot. Water sport rock.",gmail.com,2,1,none,0
VERIFY NOW: password,"Dear user, confirm your account immediately. Click here: http://malicious-link.com",prize-winner.ga,4,7,zip,1
Team raise color leader positive avoid.,"Build tree national matter democratic budget. One reduce enter magazine husband.
In measure leg major use before standard. Technology strong reduce affect.",outlook.com,2,0,pdf,0
ACTION REQUIRED: verify,"Dear user, click here your account immediately. Click here: http://malicious-link.com",prize-winner.ga,7,3,exe,1
ACTION REQUIRED: confirm,"Dear user, click here your account immediately. Click here: http://malicious-link.com",verify-account.ml,4,7,none,1
ACTION REQUIRED: social security,"Dear user, social security your account immediately. Click here: http://malicious-link.com",verify-account.ml,5,6,scr,1
Through use art run.,"Window management seem worker. Technology contain hope another.
Magazine style quickly weight. Admit find camera. After arm material the catch there.",company.com,1,0,none,0
ACTION REQUIRED: winner,"Dear user, password your account immediately. Click here: http://malicious-link.com",prize-winner.ga,9,5,scr,1
Coach stock detail artist big there.,"Before western yet blue camera. Probably training early theory rise.
Mr physical local push. Piece bar Congress bar. Anyone control out join thousand behind challenge.",company.com,0,1,none,0
URGENT: tax refund,"Dear user, tax refund your account immediately. Click here: http://malicious-link.com",prize-winner.ga,5,8,zip,1
URGENT: urgent,"Dear user, urgent your account immediately. Click here: http://malicious-link.com",secure-bank.tk,4,7,exe,1
Beat small administration war she detail near task.,Capital century very success. Machine win pressure should customer think choice.,outlook.com,2,0,pdf,0
Style to painting property project after respond.,Fine company police amount child house gun. Month garden garden here give prepare. Fine few generation less how full or.,company.com,2,1,none,0
VERIFY NOW: password,"Dear user, urgent your account immediately. Click here: http://malicious-link.com",prize-winner.ga,5,5,none,1
VERIFY NOW: security alert,"Dear user, account your account immediately. Click here: http://malicious-link.com",prize-winner.ga,8,3,zip,1
Seven evidence city issue attack.,"Animal miss dark hotel. Pick difficult into yet wonder couple employee or.
Say memory build need picture beautiful. Alone much trial movie bag. Traditional never air tax hard.",company.com,1,0,none,0
Dream budget item forget foreign himself just remain.,"Whatever commercial produce. Wear beyond month stuff vote.
Science life owner hit wind. Street gun his answer. Stuff its system almost manage blue but cultural.",yahoo.com,2,0,pdf,0
Worker something tonight law start memory.,Politics level president accept dream. Director business page seat professor. Fine rock require can significant forget.,outlook.com,2,0,pdf,0
ACTION REQUIRED: winner,"Dear user, bank your account immediately. Click here: http://malicious-link.com",verify-account.ml,9,8,exe,1
ACTION REQUIRED: password,"Dear user, confirm your account immediately. Click here: http://malicious-link.com",verify-account.ml,7,8,exe,1
Often pressure him.,"Either plan eat their new. Appear hit heavy laugh.
Agency person them probably last. Change save stuff ahead spring sing play. East none again. Medical popular plan since whole democratic low spring.",outlook.com,0,1,none,0
VERIFY NOW: click here,"Dear user, social security your account immediately. Click here: http://malicious-link.com",secure-bank.tk,4,4,exe,1
Identify century evening dinner goal nation he.,"Real wall former resource admit now any military. Certainly evidence power mind can. While represent interesting important.
Just dream town concern fund. Fill century three least interview animal.",yahoo.com,2,1,none,0
URGENT: bank,"Dear user, prize your account immediately. Click here: http://malicious-link.com",verify-account.ml,7,6,zip,1
Company way cold state so up need.,"Director other live yet director. Onto company prepare recent. Purpose various whole easy hear future.
Enter bad relationship political tax issue. Opportunity smile week add upon.",gmail.com,1,0,none,0
VERIFY NOW: prize,"Dear user, social security your account immediately. Click here: http://malicious-link.com",prize-winner.ga,3,5,none,1
Box couple next.,"Understand tree quite list than section.
Role thought manage serious unit. Industry song whatever political window. Dark crime win study. Religious save manage rather social son answer.",gmail.com,0,0,pdf,0
Bar site open practice assume.,"Around them until both politics. Sport surface in adult modern. Walk turn four such her.
Wrong animal cause cost official sit foot interview. Hit certain if these.",gmail.com,2,0,none,0
VERIFY NOW: account,"Dear user, account your account immediately. Click here: http://malicious-link.com",prize-winner.ga,3,7,scr,1
URGENT: social security,"Dear user, account your account immediately. Click here: http://malicious-link.com",secure-bank.tk,5,3,exe,1
Sister wide consumer here citizen report cold strong.,"Factor event follow friend ten. Behavior painting despite quickly around society all only.
Shake born place identify must condition piece nature.",outlook.com,0,1,none,0
VERIFY NOW: click here,"Dear user, bank your account immediately. Click here: http://malicious-link.com",prize-winner.ga,4,7,scr,1
From meeting control truth summer then child next.,"Need nature financial front. Not make rest memory air kitchen.
Season player should most. Similar control former product.",company.com,2,0,none,0
URGENT: urgent,"Dear user, tax refund your account immediately. Click here: http://malicious-link.com",prize-winner.ga,10,7,none,1
ACTION REQUIRED: prize,"Dear user, account your account immediately. Click here: http://malicious-link.com",verify-account.ml,4,8,scr,1
ACTION REQUIRED: winner,"Dear user, account your account immediately. Click here: http://malicious-link.com",prize-winner.ga,7,7,scr,1
URGENT: winner,"Dear user, credit card your account immediately. Click here: http://malicious-link.com",secure-bank.tk,8,5,exe,1
VERIFY NOW: security alert,"Dear user, click here your account immediately. Click here: http://malicious-link.com",secure-bank.tk,8,6,zip,1
Time race tonight agency service so.,Choice particularly month sense their report. Any manager drug boy form major who. Determine become nation like animal community.,gmail.com,0,1,pdf,0
URGENT: credit card,"Dear user, tax refund your account immediately. Click here: http://malicious-link.com",verify-account.ml,7,3,zip,1
Responsibility event including.,"Current reveal let home share fish scene.
Structure minute economic from. Opportunity parent treat sense heavy rich imagine few. Line they compare area senior street end.",gmail.com,0,0,docx,0
ACTION REQUIRED: credit card,"Dear user, security alert your account immediately. Click here: http://malicious-link.com",prize-winner.ga,8,4,scr,1
VERIFY NOW: security alert,"Dear user, account your account immediately. Click here: http://malicious-link.com",secure-bank.tk,6,6,scr,1
VERIFY NOW: credit card,"Dear user, credit card your account immediately. Click here: http://malicious-link.com",secure-bank.tk,10,3,scr,1
VERIFY NOW: click here,"Dear user, security alert your account immediately. Click here: http://malicious-link.com",secure-bank.tk,3,5,none,1
ACTION REQUIRED: account,"Dear user, bank your account immediately. Click here: http://malicious-link.com",prize-winner.ga,10,4,exe,1
ACTION REQUIRED: prize,"Dear user, security alert your account immediately. Click here: http://malicious-link.com",secure-bank.tk,8,6,scr,1
VERIFY NOW: prize,"Dear user, password your account immediately. Click here: http://malicious-link.com",secure-bank.tk,4,6,exe,1
VERIFY NOW: security alert,"Dear user, winner your account immediately. Click here: http://malicious-link.com",secure-bank.tk,9,5,zip,1
Trial throughout natural pay.,"Age skin draw. Take station create church line increase art.
Attack including mother stand become able.
Benefit involve turn indicate lawyer. Analysis sort represent window you.",yahoo.com,1,1,none,0
ACTION REQUIRED: verify,"Dear user, winner your account immediately. Click here: http://malicious-link.com",verify-account.ml,5,4,zip,1
Range administration already other.,Improve play growth sometimes follow. Window how offer walk eye way. Course poor return production stuff worker discuss professional.,outlook.com,0,1,none,0
Mother determine skill must stuff different floor.,"Drop wear last happy build word. Industry young through allow feel language they.
Note especially player series. National box say prepare direction.",company.com,0,1,none,0
Month lay listen kid everybody represent.,"Stay bring magazine citizen security cut. What thus behavior serve lawyer.
Purpose simply ball reveal someone. Country any from beyond.",gmail.com,0,0,pdf,0
Their soldier pay him radio against.,Remain thus detail street plan she drop. Exist call lay focus officer part impact. Home from three across subject book hair.,company.com,0,1,pdf,0
Western style trade suffer final pretty their.,Treat north whose continue local dog baby. Reflect someone food if. Draw not choose positive key character effect.,outlook.com,0,0,none,0
ACTION REQUIRED: urgent,"Dear user, suspended your account immediately. Click here: http://malicious-link.com",secure-bank.tk,10,6,scr,1
URGENT: credit card,"Dear user, password your account immediately. Click here: http://malicious-link.com",prize-winner.ga,9,6,zip,1
Deal will administration six.,"Cell card east style. Agreement tend raise structure high.
Nothing trouble set huge blue. Sign care today woman book partner.",outlook.com,2,0,none,0
Number trip call remember start prove owner either.,Own institution city available. Rock worry local amount increase. Character yourself matter type teacher.,gmail.com,2,1,none,0
ACTION REQUIRED: urgent,"Dear user, social security your account immediately. Click here: http://malicious-link.com",prize-winner.ga,3,7,scr,1
ACTION REQUIRED: suspended,"Dear user, password your account immediately. Click here: http://malicious-link.com",verify-account.ml,4,3,none,1
ACTION REQUIRED: urgent,"Dear user, confirm your account immediately. Click here: http://malicious-link.com",prize-winner.ga,10,8,exe,1
URGENT: verify,"Dear user, winner your account immediately. Click here: http://malicious-link.com",prize-winner.ga,7,7,exe,1
Strong remain actually fly choice partner.,Stock budget model night work coach ago that. Friend until rather others direction wait center friend. Call anything effort treat follow field.,outlook.com,1,1,none,0
Address both financial true day population entire.,"Military student together recently national. Avoid agree serious feel begin speak.
Should beautiful room last experience community. Before decision amount drive.",company.com,0,0,pdf,0
Traditional approach teach throughout reason shoulder relate focus.,Trip ball million. Large mention community garden audience yeah fire. Measure close still rise may kitchen both.,yahoo.com,1,1,none,0
URGENT: password,"Dear user, account your account immediately. Click here: http://malicious-link.com",verify-account.ml,5,6,zip,1
URGENT: password,"Dear user, prize your account immediately. Click here: http://malicious-link.com",prize-winner.ga,8,7,scr,1
ACTION REQUIRED: prize,"Dear user, confirm your account immediately. Click here: http://malicious-link.com",verify-account.ml,3,6,none,1
Inside surface hard choice.,Laugh sure step success material that parent business. Room her concern war a leave wrong. Who scene seem safe operation.,yahoo.com,2,0,docx,0
Such million smile rule always voice.,Act work executive smile wear or real. Red tell south success room magazine perform. Concern her quite collection.,outlook.com,1,1,pdf,0
VERIFY NOW: click here,"Dear user, tax refund your account immediately. Click here: http://malicious-link.com",secure-bank.tk,6,3,none,1
Indeed step back leader involve blood hour.,"Product its cause nor professor. Officer speech first institution later big. Vote than small special since against.
Sister son no the. Left protect enjoy article ball news.",gmail.com,2,1,docx,0
There nation item blue.,Avoid show agency hair and learn check. Wrong heavy simply pick require situation million.,yahoo.com,0,0,pdf,0
Room sell stay population machine pretty so.,"Force individual hotel organization not indeed. May task ever already success.
Perform else of. Door security mouth trial. Foot recognize thousand thus analysis whether.",gmail.com,2,1,docx,0
VERIFY NOW: winner,"Dear user, confirm your account immediately. Click here: http://malicious-link.com",prize-winner.ga,3,4,none,1
Religious cup girl begin.,Indicate toward price life us center. Family one reality around election.,outlook.com,2,0,none,0
URGENT: password,"Dear user, click here your account immediately. Click here: http://malicious-link.com",secure-bank.tk,8,8,exe,1
Machine citizen gas present recent star kitchen.,"Agree compare six through room protect. Piece reach other.
Tonight institution event fund same relationship reason. Year skill lay moment partner. Her day rest firm energy suddenly.",company.com,1,0,none,0
VERIFY NOW: social security,"Dear user, confirm your account immediately. Click here: http://malicious-link.com",prize-winner.ga,5,5,exe,1
Value analysis nearly loss.,"East air travel make. Break recognize make increase top wonder. Direction author live behavior social.
Short here local institution. Prepare summer table small. Sometimes heart choice ten.",yahoo.com,0,0,pdf,0
URGENT: bank,"Dear user, prize your account immediately. Click here: http://malicious-link.com",prize-winner.ga,3,8,scr,1
URGENT: urgent,"Dear user, prize your account immediately. Click here: http://malicious-link.com",verify-account.ml,8,6,none,1
Person black give.,"Organization dark bad give thank lawyer compare. Want item field kitchen tend.
Citizen environmental song surface law all. Especially first will me else hour miss. Choice or any range spring.",outlook.com,0,0,none,0
Camera oil door ask bit.,Because authority discover leader. Information watch six treat structure. Police still event main.,outlook.com,2,1,pdf,0
VERIFY NOW: confirm,"Dear user, account your account immediately. Click here: http://malicious-link.com",verify-account.ml,7,4,exe,1
Different clearly Republican imagine.,"Grow book prepare foot.
Science strategy just receive. Bag involve stand put.
True daughter home recognize read. Public analysis arm them word east worry catch.",outlook.com,0,1,none,0
Feeling onto I why information finally language.,"Rise relationship company wish view low. Unit full contain moment actually.
Enough account physical future author. Position recent tree force ok.",yahoo.com,0,1,none,0
Against old make music wall.,"Development own day kind answer television lose way. Happy source service always among herself that.
Factor situation add enjoy this. Cover Congress take. Civil fast exist over so.",outlook.com,2,1,none,0
Approach entire always fire support treatment.,"Shake field huge. Meeting option memory soldier choose board list.
Customer concern better until themselves wonder attorney. Allow half necessary bill. Ball leader floor recent.",outlook.com,2,0,docx,0
ACTION REQUIRED: urgent,"Dear user, credit card your account immediately. Click here: http://malicious-link.com",secure-bank.tk,8,6,zip,1
VERIFY NOW: password,"Dear user, bank your account immediately. Click here: http://malicious-link.com",verify-account.ml,3,4,none,1
System actually can line base.,Single newspaper blood research direction deal material grow. Power role beautiful visit such. Happen trial especially film ever democratic relationship.,outlook.com,1,0,docx,0
ACTION REQUIRED: credit card,"Dear user, verify your account immediately. Click here: http://malicious-link.com",verify-account.ml,10,5,scr,1
Other right myself thing decision quality system.,"Per thank authority travel agent. Night its soldier dream.
Reflect grow life it.
Describe his player other force employee. Republican few sound in.",outlook.com,1,1,none,0
Over then at mean.,"Well would require southern fill. Attorney feeling sister they. Trip pretty audience leg.
After save affect stuff would quality far. Defense movie crime mouth ago news. Ten door continue sure.",outlook.com,2,1,none,0
URGENT: click here,"Dear user, confirm your account immediately. Click here: http://malicious-link.com",secure-bank.tk,9,3,none,1
Task image very against goal ground party we.,Sound nature that its ask yet either. Edge admit whether yourself avoid simple. Way reduce program wish hard specific.,company.com,1,0,pdf,0
ACTION REQUIRED: social security,"Dear user, account your account immediately. Click here: http://malicious-link.com",prize-winner.ga,5,6,scr,1
Over outside should business difficult strong artist.,Back respond cause. Ask couple care miss Mr generation. Leg everything main raise audience direction.,gmail.com,0,1,none,0
Number man cultural address.,"Body up southern threat time fall as entire. Probably night enough prepare million hair hand.
Fire process fine moment. Recognize policy father allow break seat fire. Quality agency rich word.",gmail.com,1,1,docx,0
Fall method some thousand loss.,"Mission different perhaps herself your. Such later community will me.
Deep pattern land left. Right teach close cup pick writer day.
Hear no example decide. Gas already board.",outlook.com,2,0,docx,0
ACTION REQUIRED: verify,"Dear user, tax refund your account immediately. Click here: http://malicious-link.com",verify-account.ml,7,7,scr,1
VERIFY NOW: password,"Dear user, credit card your account immediately. Click here: http://malicious-link.com",secure-bank.tk,3,3,scr,1
Common hard detail indicate politics.,"Weight central last growth plan pattern. Newspaper financial tough series.
Rate act color new effort determine. Remain college claim price.",outlook.com,2,0,pdf,0
About or foreign race stay.,"Black east majority couple support head forward civil. Itself glass social subject tough approach then.
Never indicate office about back. Financial sell treatment avoid receive.",gmail.com,0,0,none,0
ACTION REQUIRED: confirm,"Dear user, tax refund your account immediately. Click here: http://malicious-link.com",prize-winner.ga,6,7,zip,1
VERIFY NOW: suspended,"Dear user, suspended your account immediately. Click here: http://malicious-link.com",prize-winner.ga,5,5,none,1
West four billion begin.,"Pattern respond probably tonight ever read. Hospital music face town.
Important American or kind charge hard. Line give fill finish likely. Short woman identify follow my.",company.com,1,1,pdf,0
VERIFY NOW: bank,"Dear user, prize your account immediately. Click here: http://malicious-link.com",prize-winner.ga,7,7,scr,1
ACTION REQUIRED: account,"Dear user, suspended your account immediately. Click here: http://malicious-link.com",secure-bank.tk,9,3,exe,1
VERIFY NOW: click here,"Dear user, verify your account immediately. Click here: http://malicious-link.com",verify-account.ml,5,3,scr,1
Energy same word produce.,Security beat final one sense. Move kind detail full with. Can kind life indeed sing recently how three.,yahoo.com,2,0,none,0
Kind race away school before.,"Year itself something here produce group really. Consumer soon production much food fish center.
Only some surface town indeed but. Ever evening theory price.",gmail.com,2,1,pdf,0
VERIFY NOW: password,"Dear user, confirm your account immediately. Click here: http://malicious-link.com",secure-bank.tk,3,7,none,1
VERIFY NOW: password,"Dear user, tax refund your account immediately. Click here: http://malicious-link.com",secure-bank.tk,5,7,exe,1
Staff stay what sister into factor both field.,"Western whole back father decision step find prevent. Dinner respond wall difference card what suggest.
Happy of outside treatment Congress simple. After factor situation something nearly.",company.com,1,1,none,0
Be their break pressure again.,Their mind it well make. Cut letter at can ball style. Difference fund result standard simple follow Mrs.,outlook.com,1,1,pdf,0
Order trade top go campaign next.,"Although realize until away itself. Recently relate from up indeed should wrong.
Cultural during myself often expect. Home first behind wide other cut organization.",gmail.com,2,0,docx,0
ACTION REQUIRED: prize,"Dear user, account your account immediately. Click here: http://malicious-link.com",secure-bank.tk,4,4,zip,1
VERIFY NOW: click here,"Dear user, verify your account immediately. Click here: http://malicious-link.com",secure-bank.tk,8,8,none,1
ACTION REQUIRED: tax refund,"Dear user, click here your account immediately. Click here: http://malicious-link.com",prize-winner.ga,10,4,zip,1
VERIFY NOW: urgent,"Dear user, security alert your account immediately. Click here: http://malicious-link.com",secure-bank.tk,5,3,exe,1
ACTION REQUIRED: winner,"Dear user, prize your account immediately. Click here: http://malicious-link.com",secure-bank.tk,4,5,exe,1
War agent talk occur stay physical edge serious.,"Night land health because despite plant. Your similar involve. Deal decision film over.
Citizen because describe. Court all stuff begin own social religious.",gmail.com,1,0,docx,0
Ground well threat according same.,"Realize shoulder meeting summer appear. Religious cost loss yet these.
Ready draw view past.
Be during small job structure hit simply ball. Understand law perhaps seven down.",gmail.com,0,1,pdf,0
ACTION REQUIRED: winner,"Dear user, security alert your account immediately. Click here: http://malicious-link.com",verify-account.ml,8,3,scr,1
Participant although number writer door worker seek gun.,"Firm though will ahead. Enough animal police Mr newspaper subject. Sort mind exist easy.
Seek various this majority fine physical.",yahoo.com,0,0,none,0
Dark others direction science significant.,"Easy growth very paper. Wish lead entire election. Fire thus where onto discussion staff himself.
Owner surface together open hit quality involve. Lead off event seven deep where.",outlook.com,2,1,docx,0
Husband fly without organization effect soldier bill.,Far whether mouth rest body anyone. Rate available lead them attorney. Rise glass decide improve compare.,outlook.com,0,1,none,0
Indicate seven development floor realize.,"Voice yourself key international suddenly western figure. Create stop sit our suffer movement.
Keep along unit. Heavy bar full cover development ever law. Before good start office.",yahoo.com,2,0,pdf,0
Enjoy success artist bill all cost.,"Notice identify do drug building easy laugh. Play tax computer radio animal series do explain.
Agreement south southern response. Discover front material hot total.",outlook.com,0,0,docx,0
VERIFY NOW: account,"Dear user, click here your account immediately. Click here: http://malicious-link.com",verify-account.ml,7,4,none,1
Focus probably might by security consider ready three.,"Eye model available bit nature. Soon stay build. Ahead free commercial power today.
Including if bar watch.",outlook.com,2,0,pdf,0
Analysis pretty order land sort early energy.,"Card everyone with military television.
Skin find area institution change the word resource. Can thank discuss price.
Remain take next worry less understand. See ten key source again store discuss.",yahoo.com,0,0,none,0
Kid face hard affect maintain.,"Upon TV sometimes have short. School some western project. Full reality still issue.
Debate describe bed prepare because ask.
Body challenge red image water may drive. Want political hair star.",yahoo.com,0,0,none,0
ACTION REQUIRED: password,"Dear user, winner your account immediately. Click here: http://malicious-link.com",secure-bank.tk,3,4,exe,1
ACTION REQUIRED: suspended,"Dear user, bank your account immediately. Click here: http://malicious-link.com",verify-account.ml,6,6,zip,1
Say spring note early situation shoulder various surface.,"Now side professor brother up piece. Bring debate affect series expert something.
World city before second west. Article decide ground agreement.
Spring simple record performance man until deal.",gmail.com,2,0,docx,0
Mouth personal can turn.,Follow author between station defense statement hand. Another range understand tough even woman hundred.,gmail.com,0,0,none,0
VERIFY NOW: social security,"Dear user, bank your account immediately. Click here: http://malicious-link.com",secure-bank.tk,7,7,zip,1
Night share smile direction degree street.,"Evening paper close approach one work already. Base into approach anything. Not hotel staff.
Smile debate miss least truth.",gmail.com,2,1,none,0
Manager grow likely lay reach level too must.,"Tv popular expect table nothing nature case despite. Until play benefit community industry born relate.
Key customer support decade specific. Which establish reason along. Single various try special.",yahoo.com,2,0,docx,0
Education smile knowledge.,"Least season study performance section several majority. Paper news former enough example radio. Mention edge yes.
Fish north call act always fill where. Those friend nor raise.",outlook.com,1,0,pdf,0
VERIFY NOW: winner,"Dear user, credit card your account immediately. Click here: http://malicious-link.com",prize-winner.ga,3,7,scr,1
Amount far mean rise whether will.,"News with technology. Difference necessary point already wish store medical. Catch bed security firm right toward child strategy.
Certainly through notice young result thank process.",gmail.com,2,1,pdf,0
Exist sit child simple.,"Rate relationship begin loss each deal. Movie product call power. Western six production image career put.
Board together through firm threat collection cell.",company.com,1,0,pdf,0
ACTION REQUIRED: prize,"Dear user, suspended your account immediately. Click here: http://malicious-link.com",secure-bank.tk,8,8,zip,1
URGENT: confirm,"Dear user, tax refund your account immediately. Click here: http://malicious-link.com",verify-account.ml,10,4,zip,1
ACTION REQUIRED: prize,"Dear user, winner your account immediately. Click here: http://malicious-link.com",prize-winner.ga,10,8,scr,1
ACTION REQUIRED: credit card,"Dear user, password your account immediately. Click here: http://malicious-link.com",verify-account.ml,7,6,scr,1
URGENT: verify,"Dear user, credit card your account immediately. Click here: http://malicious-link.com",verify-account.ml,3,5,exe,1
URGENT: bank,"Dear user, password your account immediately. Click here: http://malicious-link.com",prize-winner.ga,5,6,none,1
ACTION REQUIRED: prize,"Dear user, security alert your account immediately. Click here: http://malicious-link.com",verify-account.ml,10,3,scr,1
How store art easy treatment trial him.,Sound condition fact staff various. Throughout movie leg environment.,yahoo.com,0,0,pdf,0
Wish simply final certainly.,Certain dream chance maintain computer early. Important professional certainly his.,gmail.com,2,0,docx,0
VERIFY NOW: winner,"Dear user, bank your account immediately. Click here: http://malicious-link.com",prize-winner.ga,8,5,zip,1
Week plant exactly there.,"Just decade door can.
Task end gun question send me. People view important week read center. Level wonder or cut including each.",company.com,2,0,docx,0
Whether hundred cost age with own.,"Expert contain Mrs act rich suffer only. Seem trial local better nor long mother. Six thus consumer spend arm.
Serve can many west these section. Since office however full customer participant.",company.com,0,1,none,0
Charge pretty raise.,Any open determine article player knowledge impact service. Brother thought short nature. Process Mr over case then direction.,outlook.com,1,1,pdf,0
Whose business right care tonight.,"Sure situation until series why technology.
Office person push series career focus be himself. Cold data he budget father.
Need lay paper of. Majority smile fast visit recognize improve worker sport.",outlook.com,0,0,docx,0
Avoid let fact true spend matter.,"Yeah throw government both quality table stop.
Science professor college only true former. Player season appear purpose protect may.",gmail.com,0,0,pdf,0
Help hit if adult put mention part road.,"Decide dog support live. Use government area seek board support. Administration run provide TV security.
Care represent sign. Speak study chair wrong great hour. Modern whole section result.",yahoo.com,2,0,none,0
VERIFY NOW: prize,"Dear user, tax refund your account immediately. Click here: http://malicious-link.com",prize-winner.ga,7,6,exe,1
ACTION REQUIRED: click here,"Dear user, prize your account immediately. Click here: http://malicious-link.com",secure-bank.tk,4,3,scr,1
VERIFY NOW: winner,"Dear user, password your account immediately. Click here: http://malicious-link.com",prize-winner.ga,5,7,exe,1
ACTION REQUIRED: confirm,"Dear user, tax refund your account immediately. Click here: http://malicious-link.com",verify-account.ml,4,8,scr,1
URGENT: verify,"Dear user, prize your account immediately. Click here: http://malicious-link.com",verify-account.ml,4,5,scr,1
Candidate rather take actually staff south no.,"Team other stay help indeed. Large under century visit away.
Ball expert second act realize article.",yahoo.com,0,1,none,0
URGENT: password,"Dear user, confirm your account immediately. Click here: http://malicious-link.com",secure-bank.tk,10,8,scr,1
VERIFY NOW: prize,"Dear user, verify your account immediately. Click here: http://malicious-link.com",verify-account.ml,3,3,scr,1
ACTION REQUIRED: prize,"Dear user, verify your account immediately. Click here: http://malicious-link.com",secure-bank.tk,10,6,none,1
URGENT: bank,"Dear user, bank your account immediately. Click here: http://malicious-link.com",secure-bank.tk,5,4,exe,1
Sometimes method force every box can.,"Mother evidence my.
Arm would education relationship security. Money worker remain structure consider person personal. Deal degree water benefit.",outlook.com,2,0,docx,0
Support only image expect market off.,Participant tell sense health sense. However still know body information account either. Way him nearly least else daughter and respond.,company.com,2,1,docx,0
Picture discover discussion animal.,"Law war hospital respond check. Size leg trip thousand.
Tax task goal. Human area Republican make standard there position.
Might station radio against. Certain message east operation art.",company.com,2,1,docx,0
Once major or social word maintain admit.,Sea pick position agent or here. Crime job character. Help once party billion down everything suggest itself.,yahoo.com,0,1,none,0
ACTION REQUIRED: verify,"Dear user, bank your account immediately. Click here: http://malicious-link.com",secure-bank.tk,6,7,scr,1
Democrat system guy spend say.,House need stop science recent if. Color weight teacher his record. Want worker generation along finally response. Music bar different available choice.,company.com,2,1,none,0
VERIFY NOW: account,"Dear user, social security your account immediately. Click here: http://malicious-link.com",secure-bank.tk,8,6,scr,1
Business south process list my such newspaper big.,"Cultural continue risk task star. Every hundred behavior sure then green.
Practice special couple success you. Save large particularly well.",gmail.com,2,1,docx,0
Away society past direction material local structure might.,Especially guess go inside. Say vote movement it walk choice. Direction cut specific national school where.,outlook.com,1,0,none,0
Guess new mention off question summer arm night.,"Approach camera believe tax fire tax. Include cultural alone.
From agency food civil. City off heavy official professional read.",gmail.com,1,1,pdf,0
Speech test whose.,"Another away alone member. Let build administration side table what. Name care stop economy cell close.
Friend thus how ok plan. Air visit medical degree economy.",outlook.com,0,0,docx,0
Return good item require win open.,Rather south hold wait man. Hit party change media picture through. Leader adult because deal thought still. Board bad drive huge.,outlook.com,0,0,pdf,0
Make bed me guess be relate.,Maybe century travel difference have reflect. Plant experience data subject power often.,gmail.com,0,0,docx,0
URGENT: security alert,"Dear user, suspended your account immediately. Click here: http://malicious-link.com",prize-winner.ga,3,5,none,1
Stock training family between.,"Around act must nice. Stop even more finish especially create. Office media west language act.
One public weight common third respond thing. Piece cause answer little lose worker several.",company.com,2,0,none,0
Wrong standard risk green.,"Not you hour include whole modern. Already though want.
Conference born experience fast.",company.com,2,1,none,0
VERIFY NOW: security alert,"Dear user, click here your account immediately. Click here: http://malicious-link.com",secure-bank.tk,6,4,scr,1
URGENT: winner,"Dear user, account your account immediately. Click here: http://malicious-link.com",secure-bank.tk,4,5,none,1
VERIFY NOW: click here,"Dear user, verify your account immediately. Click here: http://malicious-link.com",secure-bank.tk,6,7,exe,1
ACTION REQUIRED: credit card,"Dear user, bank your account immediately. Click here: http://malicious-link.com",secure-bank.tk,6,5,exe,1
In science physical friend.,Population far own stop something necessary main single. Design consider make recognize claim professor.,outlook.com,2,1,docx,0
Ever ready social it own general customer.,"Recognize light picture vote. Network term put authority smile adult. Good knowledge customer professional American free.
Second exactly wide media. Line decade vote skin.",company.com,0,0,docx,0
Increase modern eat authority choose.,"Writer process thus visit. Bed skill stage form follow. Always firm mother kind foot ability.
Be effect everything despite set. Rich everyone their town family middle mind.",company.com,0,1,docx,0
Charge fire two real study.,"Minute produce professional get new. Garden top party myself. Common my cold range any parent.
Style mother second our. Choose strong kind many politics ever tell family.",yahoo.com,1,0,none,0
VERIFY NOW: prize,"Dear user, bank your account immediately. Click here: http://malicious-link.com",prize-winner.ga,4,6,scr,1
URGENT: credit card,"Dear user, bank your account immediately. Click here: http://malicious-link.com",verify-account.ml,5,3,exe,1
Chair recent nature alone.,"Financial station research when others firm. Site almost seven will.
Husband away data allow mission. Role five trade.",company.com,2,0,none,0
Lay prevent dream girl shake knowledge ok central.,"I same there together. Later remember piece happen. Happen could him.
Opportunity might low head. Much reveal her reflect student.",company.com,1,1,docx,0
VERIFY NOW: bank,"Dear user, prize your account immediately. Click here: http://malicious-link.com",verify-account.ml,5,4,zip,1
ACTION REQUIRED: verify,"Dear user, bank your account immediately. Click here: http://malicious-link.com",verify-account.ml,7,5,none,1
Door spend design notice economic month.,"Meeting citizen social policy media generation. Seat focus future help.
Not prepare together east truth position important. South give article open interesting. Occur down yard.",yahoo.com,1,0,docx,0
Challenge door once cause.,Red away want hot some leave enter natural. With reflect none summer door.,gmail.com,1,0,pdf,0
VERIFY NOW: password,"Dear user, account your account immediately. Click here: http://malicious-link.com",prize-winner.ga,3,7,scr,1
West notice Mrs south add.,"Team wide serious step. Military member paper small.
Stop perform themselves quite south. Establish eight outside and.
Our majority wonder whatever.",company.com,2,1,docx,0
URGENT: credit card,"Dear user, social security your account immediately. Click here: http://malicious-link.com",verify-account.ml,6,3,zip,1
VERIFY NOW: confirm,"Dear user, bank your account immediately. Click here: http://malicious-link.com",secure-bank.tk,6,7,zip,1
ACTION REQUIRED: tax refund,"Dear user, account your account immediately. Click here: http://malicious-link.com",prize-winner.ga,4,3,zip,1
Growth hold responsibility letter against decide.,Particular entire data put east tend identify. Meeting trip maintain sure. Little event which book.,gmail.com,0,0,docx,0
URGENT: suspended,"Dear user, account your account immediately. Click here: http://malicious-link.com",secure-bank.tk,10,4,exe,1
Bank fire film account hit foreign.,Decade trade agency air home. Trade market join rather fear yourself prepare less. Beyond someone off me hundred wide.,gmail.com,1,0,pdf,0
VERIFY NOW: account,"Dear user, verify your account immediately. Click here: http://malicious-link.com",secure-bank.tk,10,7,zip,1
Media learn arrive six.,"All home base single scientist. Prove everyone strategy their project.
Worry anyone amount scene door authority. Night stop short among peace detail. Happen above talk first laugh.",gmail.com,2,1,none,0
Catch last money exist president need.,"Discover drug section possible. American road focus to. Smile strong service whole she follow.
Too they often face. Price attack theory impact hand return Congress. Same organization impact.",gmail.com,1,1,docx,0
ACTION REQUIRED: prize,"Dear user, prize your account immediately. Click here: http://malicious-link.com",prize-winner.ga,9,5,none,1
Success relationship sea store start.,Response we dream instead tell dark hour learn. Tell important his surface purpose idea. Few so position among shoulder billion future.,outlook.com,2,1,docx,0
Base environmental nothing win hope.,"Until many Republican trade camera use choose force. Message mind would yard write. Book tough some much sing purpose decision.
Rock century eat door. Movement view follow most.",yahoo.com,0,0,pdf,0
VERIFY NOW: prize,"Dear user, tax refund your account immediately. Click here: http://malicious-link.com",verify-account.ml,8,8,none,1
Like wear response.,Necessary how share couple. Major generation dream set quite. Sea difficult structure thus last really firm. Between wear father together billion purpose.,company.com,2,1,docx,0
Bed news something know much poor edge.,"Attorney point mouth. Home kitchen hundred find impact art prove.
List think hard budget development. Result south surface ok what fight.",yahoo.com,2,0,none,0
ACTION REQUIRED: click here,"Dear user, credit card your account immediately. Click here: http://malicious-link.com",verify-account.ml,4,7,none,1
Base fly more simple member to despite artist.,"View staff system back radio specific low effect. Should effect war.
Player scene everybody. Common discussion son capital. Article skin bar under laugh environmental.",yahoo.com,1,0,none,0
Police everything water guess.,Theory doctor there teach agent north about continue. Friend center throw commercial cold. Professional consumer point school close sometimes win.,outlook.com,1,0,docx,0
ACTION REQUIRED: password,"Dear user, tax refund your account immediately. Click here: http://malicious-link.com",prize-winner.ga,7,6,zip,1
Fall down glass word.,"Mention general modern throw field.
Week weight behavior push. Social far voice try.",yahoo.com,1,0,none,0
Call identify color arm sea.,Term summer deal agency cost actually beat. But their open rest election. Campaign society specific report American walk.,outlook.com,0,1,pdf,0
ACTION REQUIRED: confirm,"Dear user, winner your account immediately. Click here: http://malicious-link.com",verify-account.ml,7,3,exe,1
Dark loss inside assume education only old magazine.,"Often blue himself man sometimes hear. Without let investment need. Again wide thus air less. Consider then lawyer bag family.
Hear tough model chair about charge season blue.",outlook.com,2,0,none,0
URGENT: credit card,"Dear user, prize your account immediately. Click here: http://malicious-link.com",verify-account.ml,8,6,zip,1
ACTION REQUIRED: click here,"Dear user, credit card your account immediately. Click here: http://malicious-link.com",prize-winner.ga,4,7,zip,1
VERIFY NOW: credit card,"Dear user, tax refund your account immediately. Click here: http://malicious-link.com",verify-account.ml,4,6,none,1
Move score fly his.,"Source speech what policy important even. Knowledge its law strategy big become.
But system fire hard. Together guess east but direction cultural pretty. Child price seek car.",gmail.com,0,1,pdf,0
ACTION REQUIRED: bank,"Dear user, bank your account immediately. Click here: http://malicious-link.com",secure-bank.tk,9,6,exe,1
VERIFY NOW: password,"Dear user, winner your account immediately. Click here: http://malicious-link.com",secure-bank.tk,7,7,zip,1
VERIFY NOW: confirm,"Dear user, bank your account immediately. Click here: http://malicious-link.com",secure-bank.tk,5,8,none,1
Truth fast enough remember every.,Administration window door seek product charge. Factor focus dark summer deep. Training cell clear special natural finally organization.,company.com,2,0,none,0
Center wall land tend nation film positive argue.,Medical modern sort region top. Choice economy reflect laugh contain water. Tend often that begin good first cut.,yahoo.com,0,0,none,0
Forget whom discuss well tough appear catch number.,Stand decade challenge yard six practice. Ever wish score rate wall must information weight.,outlook.com,1,0,none,0
VERIFY NOW: account,"Dear user, credit card your account immediately. Click here: http://malicious-link.com",verify-account.ml,10,4,zip,1
Account care lawyer detail month art admit claim.,Whole this fine lay avoid player. Focus any hit bad. View shake huge reflect about say statement beat.,outlook.com,0,0,docx,0
Minute program go his political share.,"Item life city fill direction radio field.
Vote air speak offer power produce include. Enough project opportunity push election. And general growth western.",company.com,1,1,none,0
Life lot security consumer meeting little.,"Wonder pattern deep peace purpose.
Back list music head structure collection heart leader.
Break memory cost. First challenge road. Win quite Mrs action upon success just.",outlook.com,0,0,pdf,0
Discover participant cut.,Structure data determine service police best fact scene. Along surface president fund half themselves.,yahoo.com,0,0,docx,0
URGENT: confirm,"Dear user, suspended your account immediately. Click here: http://malicious-link.com",secure-bank.tk,9,8,none,1
URGENT: password,"Dear user, bank your account immediately. Click here: http://malicious-link.com",prize-winner.ga,10,6,zip,1
ACTION REQUIRED: prize,"Dear user, account your account immediately. Click here: http://malicious-link.com",secure-bank.tk,5,4,scr,1
ACTION REQUIRED: tax refund,"Dear user, tax refund your account immediately. Click here: http://malicious-link.com",secure-bank.tk,5,7,scr,1
VERIFY NOW: suspended,"Dear user, credit card your account immediately. Click here: http://malicious-link.com",verify-account.ml,5,3,exe,1
Art point campaign offer market determine have.,"Series possible wide offer goal. Or enter wonder through air hot always race. Next democratic well.
Term perhaps wear early keep. On might discover.",outlook.com,1,1,none,0
Pay address health Democrat.,Really travel several film magazine down. Raise while however marriage fire until. Manager have party international pull yes security.,gmail.com,1,0,docx,0
Attorney arrive nice some.,Might thank about space sense relationship property. Lot class serious throughout newspaper.,yahoo.com,2,1,docx,0
ACTION REQUIRED: social security,"Dear user, urgent your account immediately. Click here: http://malicious-link.com",prize-winner.ga,9,5,scr,1
Rule Congress game staff collection check.,Interesting house garden where big. Series field stage house available rest speech everything. Everyone low threat serve become career very wind.,gmail.com,2,1,none,0
ACTION REQUIRED: urgent,"Dear user, account your account immediately. Click here: http://malicious-link.com",verify-account.ml,9,3,scr,1
Recognize us sign beyond.,"One party generation left magazine. Page course general.
Couple example wish bit fight difficult Mr. Room forget including challenge.
Nearly owner government fact individual against ability.",company.com,0,0,docx,0
Say off TV compare specific.,Season into service before somebody lose stuff movement. Address special trip buy more. Score thousand measure crime run wait.,gmail.com,2,1,docx,0
URGENT: bank,"Dear user, urgent your account immediately. Click here: http://malicious-link.com",verify-account.ml,5,5,exe,1
You decide consumer book.,"Discussion full structure. Senior decide sort Democrat lot huge.
Light enter rule. Paper defense security reach structure before and.
Where travel money interesting.",company.com,1,1,pdf,0
End ball choose dog space star career.,"Country hot year sure arrive. Themselves could yes for again. Company these say on effect huge.
Policy for identify position. Before blood lose character.
Whole couple goal read role.",company.com,2,0,docx,0
VERIFY NOW: confirm,"Dear user, security alert your account immediately. Click here: http://malicious-link.com",secure-bank.tk,6,6,scr,1
URGENT: social security,"Dear user, suspended your account immediately. Click here: http://malicious-link.com",secure-bank.tk,10,5,scr,1
URGENT: confirm,"Dear user, password your account immediately. Click here: http://malicious-link.com",secure-bank.tk,8,5,zip,1
War anyone movement most simple than.,"Coach land you which picture that south. Course Mrs professor himself.
True fine security prepare record project cause. Since evening fish money.",gmail.com,1,1,pdf,0
Operation huge these either note day.,"Early exist instead staff cover partner tend. Course price important score fight. Ball east beat.
Take on law sell nature. Him race director coach. Far beyond once couple certainly.",outlook.com,1,0,pdf,0
ACTION REQUIRED: prize,"Dear user, account your account immediately. Click here: http://malicious-link.com",secure-bank.tk,5,8,exe,1
URGENT: prize,"Dear user, password your account immediately. Click here: http://malicious-link.com",secure-bank.tk,9,6,zip,1
Outside identify reveal employee paper service.,Significant can two past single here foot. Discover audience challenge among so. Mrs huge in case rather property.,company.com,0,0,pdf,0
Community sister true sense.,"Heart certain on dinner discuss project. Hot imagine contain ok.
Long cut hit option subject.",gmail.com,2,1,docx,0
URGENT: suspended,"Dear user, winner your account immediately. Click here: http://malicious-link.com",secure-bank.tk,10,3,none,1
ACTION REQUIRED: suspended,"Dear user, click here your account immediately. Click here: http://malicious-link.com",secure-bank.tk,6,4,exe,1
URGENT: social security,"Dear user, social security your account immediately. Click here: http://malicious-link.com",prize-winner.ga,4,7,exe,1
Risk window finish live one.,Gas experience point specific trial main citizen. Center return modern language occur that. Soon close board challenge first. Hotel condition age information.,yahoo.com,0,1,none,0
Again back expect office thus protect imagine.,"Century travel leader. Team teacher fact.
Behavior then available arm.
Thank smile this reason. Detail organization worker prepare foot western. Concern part help pattern travel control like.",gmail.com,0,0,none,0
Most free system clearly citizen begin.,Throw hotel like push likely. System up trouble each deep drug business.,outlook.com,2,1,none,0
URGENT: suspended,"Dear user, password your account immediately. Click here: http://malicious-link.com",secure-bank.tk,7,3,zip,1
VERIFY NOW: winner,"Dear user, click here your account immediately. Click here: http://malicious-link.com",secure-bank.tk,3,4,exe,1
ACTION REQUIRED: suspended,"Dear user, bank your account immediately. Click here: http://malicious-link.com",verify-account.ml,6,8,zip,1
Evidence him break action science.,"Then total evidence treatment popular. Campaign hour happen.
Management reflect western resource. Among fly like vote center life his. Billion material west already different medical region.",outlook.com,0,1,docx,0
ACTION REQUIRED: urgent,"Dear user, account your account immediately. Click here: http://malicious-link.com",prize-winner.ga,10,6,exe,1
ACTION REQUIRED: confirm,"Dear user, prize your account immediately. Click here: http://malicious-link.com",verify-account.ml,7,6,zip,1
VERIFY NOW: password,"Dear user, account your account immediately. Click here: http://malicious-link.com",verify-account.ml,9,5,none,1
URGENT: bank,"Dear user, account your account immediately. Click here: http://malicious-link.com",prize-winner.ga,9,8,scr,1
URGENT: urgent,"Dear user, social security your account immediately. Click here: http://malicious-link.com",prize-winner.ga,10,6,none,1
Direction us decision at too none fund occur.,"Treatment north partner will tree beautiful spend. Allow point all.
Type most way life top door wear. Go and PM whether beyond. Drive example her meet together knowledge.",outlook.com,1,1,none,0
ACTION REQUIRED: winner,"Dear user, prize your account immediately. Click here: http://malicious-link.com",prize-winner.ga,4,4,exe,1
Personal everyone protect scene.,Little series agency five blood project. Cut situation kid Congress magazine.,gmail.com,0,1,none,0
VERIFY NOW: tax refund,"Dear user, click here your account immediately. Click here: http://malicious-link.com",prize-winner.ga,9,8,scr,1
Citizen care prepare west different mention speak month.,"Ahead five those large. Candidate discover huge. Several woman moment much consider decade popular.
Require issue rather Democrat reflect.
Case record serve church. Attack great stuff long.",outlook.com,1,0,docx,0
Result size lawyer ground personal receive.,"Able serve radio stuff reflect. Entire ten I writer our day.
Hope general trouble pay quality. Relate cost fight born energy bit.
Customer whether keep keep. Appear protect according future.",company.com,0,1,none,0
Child however oil interview collection such.,"Dog at trade increase. Knowledge buy ball if rock method.
Sing son course wrong parent so lead yourself. Close water every president.",outlook.com,0,1,docx,0
VERIFY NOW: prize,"Dear user, password your account immediately. Click here: http://malicious-link.com",verify-account.ml,10,8,exe,1
Discuss already relationship occur whatever send hot.,From hundred four ok local heavy. Specific have recently seem. Will still dream. Window believe face get.,gmail.com,2,0,docx,0
Religious occur sell wind think.,"Add ok write them including skin.
Physical network sound charge always against huge. Produce among husband part watch available security. Near exist word black.",company.com,0,0,none,0
VERIFY NOW: suspended,"Dear user, verify your account immediately. Click here: http://malicious-link.com",verify-account.ml,9,8,exe,1
VERIFY NOW: tax refund,"Dear user, prize your account immediately. Click here: http://malicious-link.com",prize-winner.ga,10,4,none,1
These ability prevent see really.,"Particular suddenly any determine fact process. Significant any whole wrong guess Republican.
Drive show far Democrat assume near raise.",company.com,2,1,pdf,0
VERIFY NOW: security alert,"Dear user, security alert your account immediately. Click here: http://malicious-link.com",verify-account.ml,7,5,exe,1
URGENT: account,"Dear user, suspended your account immediately. Click here: http://malicious-link.com",verify-account.ml,8,8,zip,1
ACTION REQUIRED: social security,"Dear user, password your account immediately. Click here: http://malicious-link.com",secure-bank.tk,5,6,scr,1
Walk describe process policy focus former.,"Everyone behind guess different. Year I will eye animal able art.
Consider picture everyone professional decision. Sometimes source real agent.",gmail.com,0,1,none,0
She road great information kitchen green thought.,Glass strategy she build. Card those size during floor. Off defense push capital care charge behavior. Officer bring offer still.,yahoo.com,0,1,none,0
Minute dream firm responsibility.,"Key cultural those sign occur factor sound agree. Scene end not model cost how remain lose.
Carry tax traditional. Determine wind figure hear population.",company.com,2,0,docx,0
URGENT: password,"Dear user, account your account immediately. Click here: http://malicious-link.com",secure-bank.tk,10,8,none,1
Follow some daughter particular some.,"Phone number back the job young economic part. Parent yet performance few view.
Again item interest admit when. Dark enjoy soldier common various trouble. Learn type represent respond.",gmail.com,0,1,pdf,0
ACTION REQUIRED: social security,"Dear user, security alert your account immediately. Click here: http://malicious-link.com",prize-winner.ga,9,8,zip,1
VERIFY NOW: social security,"Dear user, prize your account immediately. Click here: http://malicious-link.com",verify-account.ml,4,8,none,1
Analysis his case concern list media.,"As couple east bad still though. Behind rule seat mother to read. Set or early investment.
Some air message lead.",company.com,1,0,none,0
URGENT: bank,"Dear user, prize your account immediately. Click here: http://malicious-link.com",prize-winner.ga,7,8,exe,1
URGENT: suspended,"Dear user, account your account immediately. Click here: http://malicious-link.com",secure-bank.tk,9,4,exe,1
URGENT: bank,"Dear user, click here your account immediately. Click here: http://malicious-link.com",prize-winner.ga,4,6,scr,1
Former quality heavy within such during sit.,"But off low thank standard. Represent provide high.
Also consumer almost group. Ground best fill large rich.
Amount modern mouth full forward purpose education. Dark carry near likely service six.",company.com,0,0,pdf,0
ACTION REQUIRED: social security,"Dear user, urgent your account immediately. Click here: http://malicious-link.com",prize-winner.ga,6,5,zip,1
Result decide stage modern political.,"Live Republican far gas question. Conference group say.
Woman system blue city join near opportunity. Stay read down tax forward everything weight.",yahoo.com,1,1,docx,0
ACTION REQUIRED: tax refund,"Dear user, tax refund your account immediately. Click here: http://malicious-link.com",verify-account.ml,9,4,zip,1
URGENT: confirm,"Dear user, verify your account immediately. Click here: http://malicious-link.com",prize-winner.ga,8,8,none,1
House campaign number foreign station.,Line occur this time. Of civil laugh college. Write player too son interest nation. Source hour later place PM.,outlook.com,0,0,none,0
ACTION REQUIRED: bank,"Dear user, security alert your account immediately. Click here: http://malicious-link.com",prize-winner.ga,4,7,zip,1
Material least management.,"Whose sound know skin travel easy return. Note strong hot force outside land trial message.
Fine stay similar wind bring. Thought activity rock. Bank camera candidate development fine expect laugh.",yahoo.com,1,1,docx,0
Whole because car not politics.,Hear require direction will tonight hard several. Us bag religious response meet.,outlook.com,2,1,pdf,0
ACTION REQUIRED: suspended,"Dear user, urgent your account immediately. Click here: http://malicious-link.com",secure-bank.tk,4,8,exe,1
VERIFY NOW: tax refund,"Dear user, account your account immediately. Click here: http://malicious-link.com",verify-account.ml,4,7,zip,1
URGENT: credit card,"Dear user, credit card your account immediately. Click here: http://malicious-link.com",verify-account.ml,8,8,zip,1
Strategy song least once boy.,"Look capital plan possible. Could long plant range away air. Gas item skill.
Investment special weight happen outside will religious. Writer along left beautiful financial these maybe.",gmail.com,2,1,pdf,0
Even among music part ball only.,Decision property Democrat nearly culture debate. Fall city law say. Picture eye rule choice would fish practice. Population yet just result no act.,gmail.com,1,0,none,0
Agree respond tend soon soldier could the.,"Continue lay program her. Once still just everybody drive especially tend. Case police power.
Water minute perform car open decide board. His since from forward help certain include.",yahoo.com,2,1,docx,0
Central system instead unit or less.,"Season according control explain approach energy green.
Loss its responsibility morning. Person account see laugh kitchen soon clear. Go pick woman bill.",gmail.com,2,0,docx,0
URGENT: winner,"Dear user, bank your account immediately. Click here: http://malicious-link.com",secure-bank.tk,6,4,exe,1
Entire every another her expect blood.,Campaign push own value address business. Conference bad month senior between defense. Argue ahead red receive industry nation about federal.,outlook.com,0,1,docx,0
ACTION REQUIRED: password,"Dear user, social security your account immediately. Click here: http://malicious-link.com",prize-winner.ga,4,6,zip,1
URGENT: bank,"Dear user, urgent your account immediately. Click here: http://malicious-link.com",verify-account.ml,8,3,scr,1
Oil skill yourself.,"They increase build model believe today. Thing employee region tax ago. Give baby candidate give lead civil.
Cold reveal among floor. Activity do collection office point opportunity return.",outlook.com,2,1,none,0
ACTION REQUIRED: verify,"Dear user, winner your account immediately. Click here: http://malicious-link.com",verify-account.ml,4,8,exe,1
Rate I first.,"Whose central final answer break perform talk despite.
Inside make sometimes early short party. Pull opportunity what space bill room under. Position professor bit remember other.",yahoo.com,2,1,pdf,0
Measure activity owner artist above above knowledge tell.,"Teach politics we win trip. Rule food answer example. Own require form although seven floor in. Add player size front.
Amount bag with clear.",outlook.com,2,0,none,0
VERIFY NOW: winner,"Dear user, click here your account immediately. Click here: http://malicious-link.com",verify-account.ml,10,3,zip,1
VERIFY NOW: tax refund,"Dear user, confirm your account immediately. Click here: http://malicious-link.com",secure-bank.tk,3,4,none,1
ACTION REQUIRED: security alert,"Dear user, bank your account immediately. Click here: http://malicious-link.com",verify-account.ml,4,6,scr,1
VERIFY NOW: urgent,"Dear user, winner your account immediately. Click here: http://malicious-link.com",prize-winner.ga,5,4,exe,1
Color nice boy someone positive executive chance apply.,"Article future generation identify up former. Born it maintain data actually establish inside eight.
Affect east through movie be picture.",gmail.com,1,0,none,0
Campaign one land table wish speak.,Pay others section middle significant matter police community. Hear or training seven magazine story hour. Thus under she direction market.,yahoo.com,1,0,none,0
Ever sure official.,"Possible down still season none international. Believe evidence deep know. Show result white field.
Event hot film maybe. Raise close chair create former job. Blue interesting control fund.",company.com,1,0,none,0
Pay partner huge type think.,"Decade discussion citizen now police difficult.
Easy difficult rather international. Say church hospital involve.
Firm service government. Method skill each.
Address majority within service.",yahoo.com,2,1,docx,0
VERIFY NOW: bank,"Dear user, confirm your account immediately. Click here: http://malicious-link.com",prize-winner.ga,10,8,none,1
Science budget size hair individual one.,Audience somebody matter house range call enjoy. Film region area by beat visit room kid. Hit commercial black. Fine fast relate soon.,outlook.com,2,1,docx,0
URGENT: winner,"Dear user, click here your account immediately. Click here: http://malicious-link.com",verify-account.ml,3,4,scr,1
Building discover bar stock business despite.,"Choose above election huge peace hair attack.
Require subject care black cup take food. Could me idea peace his only indeed south.
Still defense ability statement put. Huge investment such project.",yahoo.com,0,1,none,0
ACTION REQUIRED: account,"Dear user, credit card your account immediately. Click here: http://malicious-link.com",prize-winner.ga,5,8,exe,1
ACTION REQUIRED: account,"Dear user, prize your account immediately. Click here: http://malicious-link.com",secure-bank.tk,3,6,scr,1
ACTION REQUIRED: tax refund,"Dear user, tax refund your account immediately. Click here: http://malicious-link.com",verify-account.ml,5,6,zip,1
VERIFY NOW: bank,"Dear user, social security your account immediately. Click here: http://malicious-link.com",prize-winner.ga,8,3,none,1
VERIFY NOW: click here,"Dear user, winner your account immediately. Click here: http://malicious-link.com",prize-winner.ga,5,5,scr,1
Adult husband together level religious perhaps rate water.,"Southern source newspaper wife. Then store hit tough response foreign.
Piece someone painting will hope whom. Fine cell hand.",gmail.com,0,0,pdf,0
ACTION REQUIRED: prize,"Dear user, click here your account immediately. Click here: http://malicious-link.com",verify-account.ml,6,8,scr,1
URGENT: account,"Dear user, suspended your account immediately. Click here: http://malicious-link.com",verify-account.ml,9,7,scr,1
Them name scene important.,"Be great hope draw consumer type class way. Born assume draw worry expert. Whom make forward concern name group claim.
Well quickly exactly. Hand over goal though ability including sort.",gmail.com,0,0,pdf,0
ACTION REQUIRED: suspended,"Dear user, social security your account immediately. Click here: http://malicious-link.com",prize-winner.ga,4,8,scr,1
More go professor service give environment ago.,After almost rather study meeting benefit would. Thought stop job. Start admit in discussion beautiful allow.,outlook.com,2,1,pdf,0
VERIFY NOW: confirm,"Dear user, account your account immediately. Click here: http://malicious-link.com",prize-winner.ga,3,6,exe,1
Another day market black outside sister wide purpose.,Couple garden authority it reason cover. Huge local family serious ever claim.,gmail.com,0,0,none,0
VERIFY NOW: click here,"Dear user, suspended your account immediately. Click here: http://malicious-link.com",secure-bank.tk,3,8,none,1
Natural window create up where.,Provide care every three memory morning well. Impact force total black. Bed commercial word among.,company.com,1,0,pdf,0
URGENT: verify,"Dear user, suspended your account immediately. Click here: http://malicious-link.com",secure-bank.tk,10,6,scr,1
Eat evening our factor its sign staff exactly.,"But member fear partner agree. Past weight important treatment.
List growth job drop. Music will field goal perform law cover never. Tv write member.",company.com,1,1,none,0
VERIFY NOW: urgent,"Dear user, tax refund your account immediately. Click here: http://malicious-link.com",verify-account.ml,8,8,scr,1
Point remain hear discussion.,"Believe suggest such popular trade ready final. Police but one care top. Another try late country southern answer food.
Understand never region able green. Number be kitchen particularly.",outlook.com,1,0,none,0
Leave just specific culture thousand deal.,Thought sometimes program single shoulder wrong. Finally develop land manage. Turn many general face card. Various free color letter economic.,outlook.com,2,1,docx,0
Rate amount agreement girl determine.,Describe forward design every. Level and machine nature. Information series inside prevent improve peace stop guess.,company.com,2,0,none,0
URGENT: password,"Dear user, credit card your account immediately. Click here: http://malicious-link.com",verify-account.ml,7,8,zip,1
VERIFY NOW: security alert,"Dear user, password your account immediately. Click here: http://malicious-link.com",prize-winner.ga,7,7,none,1
Buy wall red again imagine person again.,"Piece us peace head choose quite couple.
Can break church head military. Skill those staff want paper. Record happen form better. Option eat early data describe paper human.",outlook.com,2,0,pdf,0
Thank rest security couple case ten board together.,Choice result cover born represent often. Read industry team break project effort. Price use begin religious it. Guess arrive against responsibility organization plan traditional become.,yahoo.com,1,1,docx,0
Own detail sea nor similar.,"Catch trouble hold indeed.
Trouble ten own lose school question. Attorney may town morning take from share. Who again deep fine run movie discuss.",company.com,0,0,docx,0
Drive director perform send some vote.,"Cultural house piece sell dinner. Bag positive already maybe sit scientist.
Nothing sing him toward just. Seat leg business consider down.",gmail.com,1,1,docx,0
Upon lawyer adult.,Field dark choose yes support popular when. Hit use catch bar know wish relationship. Space serve determine adult top beyond.,gmail.com,2,1,pdf,0
VERIFY NOW: winner,"Dear user, social security your account immediately. Click here: http://malicious-link.com",verify-account.ml,3,4,exe,1
